threads,run,integral,time_seconds,timestamp
1,1,5.500539,0.35383,2025-05-14T03:50:12.479443
1,2,5.500539,0.338147,2025-05-14T03:50:12.819239
1,3,5.500539,0.340676,2025-05-14T03:50:13.161244
1,4,5.500539,0.337189,2025-05-14T03:50:13.499774
1,5,5.500539,0.337513,2025-05-14T03:50:13.838748
1,1,5.500539,0.332515,2025-05-14T03:50:14.172777
1,2,5.500539,0.335896,2025-05-14T03:50:14.510326
1,3,5.500539,0.335077,2025-05-14T03:50:14.846559
1,4,5.500539,0.338736,2025-05-14T03:50:15.186525
1,5,5.500539,0.343249,2025-05-14T03:50:15.531293
1,1,5.500539,0.332988,2025-05-14T03:50:15.865700
1,2,5.500539,0.331496,2025-05-14T03:50:16.198639
1,3,5.500539,0.332383,2025-05-14T03:50:16.532459
1,4,5.500539,0.338367,2025-05-14T03:50:16.872241
1,5,5.500539,0.341592,2025-05-14T03:50:17.215233
1,1,5.500539,0.339112,2025-05-14T03:50:17.555710
1,2,5.500539,0.333697,2025-05-14T03:50:17.890943
1,3,5.500539,0.339383,2025-05-14T03:50:18.231646
1,4,5.500539,0.334796,2025-05-14T03:50:18.568126
1,5,5.500539,0.337931,2025-05-14T03:50:18.907302
1,1,5.500539,0.338696,2025-05-14T03:50:19.247224
1,2,5.500539,0.347096,2025-05-14T03:50:19.595901
1,3,5.500539,0.331926,2025-05-14T03:50:19.929252
1,4,5.500539,0.338536,2025-05-14T03:50:20.269511
1,5,5.500539,0.337688,2025-05-14T03:50:20.608562
1,1,5.500539,0.336732,2025-05-14T03:50:20.946561
1,2,5.500539,0.344174,2025-05-14T03:50:21.292126
1,3,5.500539,0.344269,2025-05-14T03:50:21.637757
1,4,5.500539,0.344589,2025-05-14T03:50:21.983843
1,5,5.500539,0.330795,2025-05-14T03:50:22.316203
1,1,5.500539,0.331605,2025-05-14T03:50:22.649268
1,2,5.500539,0.330915,2025-05-14T03:50:22.981592
1,3,5.500539,0.348963,2025-05-14T03:50:23.331946
1,4,5.500539,0.332024,2025-05-14T03:50:23.665267
1,5,5.500539,0.339268,2025-05-14T03:50:24.006224
1,1,5.500539,0.336661,2025-05-14T03:50:24.344276
1,2,5.500539,0.340327,2025-05-14T03:50:24.686222
1,3,5.500539,0.346295,2025-05-14T03:50:25.033848
1,4,5.500539,0.335284,2025-05-14T03:50:25.370535
1,5,5.500539,0.339567,2025-05-14T03:50:25.711347
2,1,5.500539,0.269612,2025-05-14T03:50:25.982263
2,2,5.500539,0.270079,2025-05-14T03:50:26.253759
2,3,5.500539,0.262266,2025-05-14T03:50:26.517689
2,4,5.500539,0.265737,2025-05-14T03:50:26.784977
2,5,5.500539,0.271026,2025-05-14T03:50:27.057344
2,1,5.500539,0.271487,2025-05-14T03:50:27.330217
2,2,5.500539,0.265191,2025-05-14T03:50:27.596831
2,3,5.500539,0.259259,2025-05-14T03:50:27.857815
2,4,5.500539,0.273259,2025-05-14T03:50:28.132575
2,5,5.500539,0.275273,2025-05-14T03:50:28.409193
2,1,5.500539,0.264797,2025-05-14T03:50:28.675297
2,2,5.500539,0.256704,2025-05-14T03:50:28.933294
2,3,5.500539,0.278398,2025-05-14T03:50:29.213142
2,4,5.500539,0.26765,2025-05-14T03:50:29.482433
2,5,5.500539,0.268671,2025-05-14T03:50:29.752687
2,1,5.500539,0.264757,2025-05-14T03:50:30.018786
2,2,5.500539,0.260471,2025-05-14T03:50:30.280755
2,3,5.500539,0.266103,2025-05-14T03:50:30.548324
2,4,5.500539,0.271546,2025-05-14T03:50:30.821211
2,5,5.500539,0.28006,2025-05-14T03:50:31.102723
3,1,5.500539,0.310765,2025-05-14T03:50:31.414823
3,2,5.500539,0.327835,2025-05-14T03:50:31.744071
3,3,5.500539,0.318168,2025-05-14T03:50:32.063603
3,4,5.500539,0.323603,2025-05-14T03:50:32.388462
3,5,5.500539,0.326933,2025-05-14T03:50:32.716601
3,1,5.500539,0.332562,2025-05-14T03:50:33.050745
3,2,5.500539,0.319612,2025-05-14T03:50:33.371835
3,3,5.500539,0.323841,2025-05-14T03:50:33.697275
3,4,5.500539,0.321154,2025-05-14T03:50:34.019707
3,5,5.500539,0.319521,2025-05-14T03:50:34.340615
3,1,5.500539,0.332794,2025-05-14T03:50:34.674892
3,2,5.500539,0.31304,2025-05-14T03:50:34.989522
3,3,5.500539,0.317203,2025-05-14T03:50:35.308127
3,4,5.500539,0.319633,2025-05-14T03:50:35.629114
3,5,5.500539,0.311401,2025-05-14T03:50:35.941982
4,1,5.500539,0.364646,2025-05-14T03:50:36.308228
4,2,5.500539,0.340744,2025-05-14T03:50:36.650357
4,3,5.500539,0.348679,2025-05-14T03:50:37.000274
4,4,5.500539,0.361816,2025-05-14T03:50:37.363273
4,5,5.500539,0.346891,2025-05-14T03:50:37.711645
4,1,5.500539,0.366027,2025-05-14T03:50:38.079066
4,2,5.500539,0.352498,2025-05-14T03:50:38.432986
4,3,5.500539,0.353748,2025-05-14T03:50:38.788087
4,4,5.500539,0.359217,2025-05-14T03:50:39.148659
4,5,5.500539,0.34711,2025-05-14T03:50:39.497242
5,1,5.500539,0.407811,2025-05-14T03:50:39.906235
5,2,5.500539,0.410017,2025-05-14T03:50:40.317797
5,3,5.500539,0.340481,2025-05-14T03:50:40.659752
5,4,5.500539,0.421962,2025-05-14T03:50:41.083193
5,5,5.500539,0.325773,2025-05-14T03:50:41.410273
5,1,5.500539,0.415463,2025-05-14T03:50:41.827277
5,2,5.500539,0.345172,2025-05-14T03:50:42.173801
5,3,5.500539,0.414744,2025-05-14T03:50:42.589911
5,4,5.500539,0.409283,2025-05-14T03:50:43.000385
5,5,5.500539,0.413028,2025-05-14T03:50:43.414776
6,1,5.500539,0.400292,2025-05-14T03:50:43.816348
6,2,5.500539,0.300268,2025-05-14T03:50:44.118217
6,3,5.500539,0.403509,2025-05-14T03:50:44.523177
6,4,5.500539,0.398531,2025-05-14T03:50:44.923019
6,5,5.500539,0.397696,2025-05-14T03:50:45.322020
7,1,5.500539,0.353521,2025-05-14T03:50:45.676904
7,2,5.500539,0.344205,2025-05-14T03:50:46.022597
7,3,5.500539,0.291424,2025-05-14T03:50:46.315248
7,4,5.500539,0.358358,2025-05-14T03:50:46.675115
7,5,5.500539,0.287158,2025-05-14T03:50:46.963350
7,1,5.500539,0.355667,2025-05-14T03:50:47.320313
7,2,5.500539,0.297941,2025-05-14T03:50:47.619767
7,3,5.500539,0.294614,2025-05-14T03:50:47.915967
7,4,5.500539,0.35271,2025-05-14T03:50:48.270178
7,5,5.500539,0.281083,2025-05-14T03:50:48.552594
8,1,5.500539,0.357167,2025-05-14T03:50:48.911138
8,2,5.500539,0.338572,2025-05-14T03:50:49.251334
8,3,5.500539,0.300393,2025-05-14T03:50:49.553178
8,4,5.500539,0.310184,2025-05-14T03:50:49.864850
8,5,5.500539,0.290405,2025-05-14T03:50:50.156680
9,1,5.500539,0.373791,2025-05-14T03:50:50.531775
9,2,5.500539,0.299667,2025-05-14T03:50:50.832836
9,3,5.500539,0.397203,2025-05-14T03:50:51.231670
9,4,5.500539,0.391951,2025-05-14T03:50:51.625207
9,5,5.500539,0.383995,2025-05-14T03:50:52.010387
10,1,5.500539,0.411062,2025-05-14T03:50:52.423029
10,2,5.500539,0.397559,2025-05-14T03:50:52.821789
10,3,5.500539,0.411562,2025-05-14T03:50:53.234678
10,4,5.500539,0.424878,2025-05-14T03:50:53.661217
10,5,5.500539,0.401699,2025-05-14T03:50:54.064487
11,1,5.500539,0.508438,2025-05-14T03:50:54.574373
11,2,5.500539,0.504026,2025-05-14T03:50:55.079816
11,3,5.500539,0.525027,2025-05-14T03:50:55.606251
11,4,5.500539,0.521541,2025-05-14T03:50:56.129262
11,5,5.500539,0.521825,2025-05-14T03:50:56.652370
12,1,5.500539,0.39271,2025-05-14T03:50:57.046285
12,2,5.500539,0.399768,2025-05-14T03:50:57.447583
12,3,5.500539,0.400298,2025-05-14T03:50:57.849306
12,4,5.500539,0.291783,2025-05-14T03:50:58.142556
12,5,5.500539,0.288571,2025-05-14T03:50:58.432496
14,1,5.500539,0.320633,2025-05-14T03:50:58.754226
14,2,5.500539,0.314145,2025-05-14T03:50:59.069854
14,3,5.500539,0.312907,2025-05-14T03:50:59.384094
14,4,5.500539,0.31622,2025-05-14T03:50:59.701724
14,5,5.500539,0.305113,2025-05-14T03:51:00.008176
15,1,5.500539,0.332252,2025-05-14T03:51:00.341654
15,2,5.500539,0.38258,2025-05-14T03:51:00.725609
15,3,5.500539,0.339172,2025-05-14T03:51:01.066125
15,4,5.500539,0.344719,2025-05-14T03:51:01.412066
15,5,5.500539,0.339095,2025-05-14T03:51:01.752303
17,1,5.500539,0.361656,2025-05-14T03:51:02.115315
17,2,5.500539,0.352385,2025-05-14T03:51:02.469252
17,3,5.500539,0.368367,2025-05-14T03:51:02.839165
17,4,5.500539,0.368506,2025-05-14T03:51:03.209186
17,5,5.500539,0.339738,2025-05-14T03:51:03.550378
18,1,5.500539,0.32217,2025-05-14T03:51:03.873964
18,2,5.500539,0.350528,2025-05-14T03:51:04.225795
18,3,5.500539,0.394018,2025-05-14T03:51:04.621252
18,4,5.500539,0.348061,2025-05-14T03:51:04.970665
18,5,5.500539,0.32331,2025-05-14T03:51:05.295208
20,1,5.500539,0.428791,2025-05-14T03:51:05.725362
20,2,5.500539,0.352244,2025-05-14T03:51:06.079112
20,3,5.500539,0.412977,2025-05-14T03:51:06.493428
20,4,5.500539,0.428319,2025-05-14T03:51:06.923164
20,5,5.500539,0.431724,2025-05-14T03:51:07.356389
23,1,5.500539,0.335638,2025-05-14T03:51:07.693300
23,2,5.500539,0.353017,2025-05-14T03:51:08.048071
23,3,5.500539,0.36746,2025-05-14T03:51:08.417040
23,4,5.500539,0.353488,2025-05-14T03:51:08.772142
23,5,5.500539,0.350799,2025-05-14T03:51:09.124412
25,1,5.500539,0.367043,2025-05-14T03:51:09.492616
25,2,5.500539,0.360442,2025-05-14T03:51:09.854381
25,3,5.500539,0.36311,2025-05-14T03:51:10.218777
25,4,5.500539,0.368063,2025-05-14T03:51:10.588319
25,5,5.500539,0.352073,2025-05-14T03:51:10.941825
28,1,5.500539,0.331066,2025-05-14T03:51:11.274070
28,2,5.500539,0.319262,2025-05-14T03:51:11.594778
28,3,5.500539,0.331842,2025-05-14T03:51:11.928277
28,4,5.500539,0.327872,2025-05-14T03:51:12.257410
28,5,5.500539,0.331158,2025-05-14T03:51:12.590060
30,1,5.500539,0.376441,2025-05-14T03:51:12.968022
30,2,5.500539,0.355053,2025-05-14T03:51:13.324277
30,3,5.500539,0.356794,2025-05-14T03:51:13.682399
30,4,5.500539,0.379664,2025-05-14T03:51:14.063394
30,5,5.500539,0.372402,2025-05-14T03:51:14.437133
34,1,5.500539,0.342469,2025-05-14T03:51:14.780951
34,2,5.500539,0.350258,2025-05-14T03:51:15.132416
34,3,5.500539,0.360658,2025-05-14T03:51:15.494377
34,4,5.500539,0.340874,2025-05-14T03:51:15.836358
34,5,5.500539,0.351801,2025-05-14T03:51:16.189383
37,1,5.500539,0.318897,2025-05-14T03:51:16.509618
37,2,5.500539,0.320086,2025-05-14T03:51:16.831109
37,3,5.500539,0.3174,2025-05-14T03:51:17.149826
37,4,5.500539,0.321963,2025-05-14T03:51:17.473096
37,5,5.500539,0.316935,2025-05-14T03:51:17.791303
41,1,5.500539,0.405189,2025-05-14T03:51:18.197742
41,2,5.500539,0.403021,2025-05-14T03:51:18.602126
41,3,5.500539,0.409217,2025-05-14T03:51:19.012872
41,4,5.500539,0.398748,2025-05-14T03:51:19.413164
41,5,5.500539,0.401036,2025-05-14T03:51:19.815382
45,1,5.500539,0.313299,2025-05-14T03:51:20.130005
45,2,5.500539,0.315907,2025-05-14T03:51:20.447143
45,3,5.500539,0.317012,2025-05-14T03:51:20.765439
45,4,5.500539,0.312343,2025-05-14T03:51:21.078944
45,5,5.500539,0.31202,2025-05-14T03:51:21.392161
50,1,5.500539,0.36472,2025-05-14T03:51:21.758328
50,2,5.500539,0.342611,2025-05-14T03:51:22.102410
50,3,5.500539,0.362649,2025-05-14T03:51:22.466388
50,4,5.500539,0.3621,2025-05-14T03:51:22.829949
50,5,5.500539,0.353522,2025-05-14T03:51:23.184695
55,1,5.500539,0.31749,2025-05-14T03:51:23.503469
55,2,5.500539,0.323117,2025-05-14T03:51:23.827898
55,3,5.500539,0.321441,2025-05-14T03:51:24.150558
55,4,5.500539,0.319746,2025-05-14T03:51:24.471614
55,5,5.500539,0.318525,2025-05-14T03:51:24.791429
61,1,5.500539,0.38443,2025-05-14T03:51:25.177131
61,2,5.500539,0.379954,2025-05-14T03:51:25.558458
61,3,5.500539,0.375266,2025-05-14T03:51:25.935117
61,4,5.500539,0.385149,2025-05-14T03:51:26.321616
61,5,5.500539,0.366811,2025-05-14T03:51:26.690004
67,1,5.500539,0.386738,2025-05-14T03:51:27.078205
67,2,5.500539,0.373405,2025-05-14T03:51:27.453245
67,3,5.500539,0.401244,2025-05-14T03:51:27.856108
67,4,5.500539,0.392368,2025-05-14T03:51:28.250231
67,5,5.500539,0.383563,2025-05-14T03:51:28.635311
74,1,5.500539,0.306846,2025-05-14T03:51:28.943715
74,2,5.500539,0.302085,2025-05-14T03:51:29.247333
74,3,5.500539,0.304868,2025-05-14T03:51:29.553731
74,4,5.500539,0.302821,2025-05-14T03:51:29.858239
74,5,5.500539,0.30422,2025-05-14T03:51:30.163827
82,1,5.500539,0.387524,2025-05-14T03:51:30.552555
82,2,5.500539,0.391338,2025-05-14T03:51:30.945413
82,3,5.500539,0.380043,2025-05-14T03:51:31.327114
82,4,5.500539,0.389971,2025-05-14T03:51:31.718422
82,5,5.500539,0.393118,2025-05-14T03:51:32.112837
90,1,5.500539,0.280935,2025-05-14T03:51:32.395254
90,2,5.500539,0.28589,2025-05-14T03:51:32.682498
90,3,5.500539,0.295435,2025-05-14T03:51:32.979377
90,4,5.500539,0.292181,2025-05-14T03:51:33.273221
90,5,5.500539,0.298505,2025-05-14T03:51:33.573349
100,1,5.500539,0.331071,2025-05-14T03:51:33.905894
100,2,5.500539,0.353152,2025-05-14T03:51:34.260540
100,3,5.500539,0.35875,2025-05-14T03:51:34.620603
100,4,5.500539,0.350776,2025-05-14T03:51:34.972692
100,5,5.500539,0.354313,2025-05-14T03:51:35.328511
110,1,5.500539,0.288622,2025-05-14T03:51:35.618425
110,2,5.500539,0.300643,2025-05-14T03:51:35.920457
110,3,5.500539,0.301254,2025-05-14T03:51:36.223338
110,4,5.500539,0.292906,2025-05-14T03:51:36.517620
110,5,5.500539,0.30519,2025-05-14T03:51:36.824322
121,1,5.500539,0.35885,2025-05-14T03:51:37.184751
121,2,5.500539,0.324653,2025-05-14T03:51:37.511044
121,3,5.500539,0.348468,2025-05-14T03:51:37.861044
121,4,5.500539,0.35607,2025-05-14T03:51:38.218506
121,5,5.500539,0.346896,2025-05-14T03:51:38.566983
134,1,5.500539,0.383862,2025-05-14T03:51:38.952278
134,2,5.500539,0.390899,2025-05-14T03:51:39.344522
134,3,5.500539,0.375466,2025-05-14T03:51:39.721588
134,4,5.500539,0.383875,2025-05-14T03:51:40.106994
134,5,5.500539,0.395068,2025-05-14T03:51:40.503631
148,1,5.500539,0.281915,2025-05-14T03:51:40.787048
148,2,5.500539,0.277402,2025-05-14T03:51:41.065767
148,3,5.500539,0.283485,2025-05-14T03:51:41.350661
148,4,5.500539,0.285427,2025-05-14T03:51:41.637559
148,5,5.500539,0.283906,2025-05-14T03:51:41.922883
163,1,5.500539,0.340603,2025-05-14T03:51:42.265009
163,2,5.500539,0.328368,2025-05-14T03:51:42.594932
163,3,5.500539,0.327284,2025-05-14T03:51:42.923580
163,4,5.500539,0.337428,2025-05-14T03:51:43.262584
163,5,5.500539,0.322589,2025-05-14T03:51:43.586580
180,1,5.500539,0.258613,2025-05-14T03:51:43.846313
180,2,5.500539,0.264565,2025-05-14T03:51:44.112127
180,3,5.500539,0.263215,2025-05-14T03:51:44.376591
180,4,5.500539,0.269806,2025-05-14T03:51:44.647771
180,5,5.500539,0.265707,2025-05-14T03:51:44.914867
198,1,5.500539,0.295601,2025-05-14T03:51:45.211794
198,2,5.500539,0.321873,2025-05-14T03:51:45.535025
198,3,5.500539,0.303268,2025-05-14T03:51:45.839749
198,4,5.500539,0.308989,2025-05-14T03:51:46.149973
198,5,5.500539,0.317764,2025-05-14T03:51:46.469049
219,1,5.500539,0.251071,2025-05-14T03:51:46.721758
219,2,5.500539,0.263394,2025-05-14T03:51:46.986814
219,3,5.500539,0.258025,2025-05-14T03:51:47.246154
219,4,5.500539,0.260605,2025-05-14T03:51:47.508141
219,5,5.500539,0.261216,2025-05-14T03:51:47.770720
242,1,5.500539,0.289076,2025-05-14T03:51:48.061029
242,2,5.500539,0.290418,2025-05-14T03:51:48.352999
242,3,5.500539,0.277812,2025-05-14T03:51:48.632346
242,4,5.500539,0.298485,2025-05-14T03:51:48.932290
242,5,5.500539,0.282236,2025-05-14T03:51:49.215896
266,1,5.500539,0.29656,2025-05-14T03:51:49.513749
266,2,5.500539,0.297829,2025-05-14T03:51:49.812976
266,3,5.500539,0.287831,2025-05-14T03:51:50.102176
266,4,5.500539,0.296034,2025-05-14T03:51:50.399568
266,5,5.500539,0.297312,2025-05-14T03:51:50.698289
294,1,5.500539,0.322599,2025-05-14T03:51:51.022361
294,2,5.500539,0.339655,2025-05-14T03:51:51.363463
294,3,5.500539,0.338496,2025-05-14T03:51:51.703224
294,4,5.500539,0.334447,2025-05-14T03:51:52.038954
294,5,5.500539,0.338128,2025-05-14T03:51:52.378407
324,1,5.500539,0.232831,2025-05-14T03:51:52.612372
324,2,5.500539,0.241012,2025-05-14T03:51:52.854681
324,3,5.500539,0.231167,2025-05-14T03:51:53.087035
324,4,5.500539,0.237339,2025-05-14T03:51:53.325776
324,5,5.500539,0.235632,2025-05-14T03:51:53.562727
358,1,5.500539,0.229205,2025-05-14T03:51:53.793291
358,2,5.500539,0.223552,2025-05-14T03:51:54.018141
358,3,5.500539,0.230916,2025-05-14T03:51:54.250507
358,4,5.500539,0.220684,2025-05-14T03:51:54.472440
358,5,5.500539,0.228412,2025-05-14T03:51:54.702370
395,1,5.500539,0.221037,2025-05-14T03:51:54.924726
395,2,5.500539,0.224807,2025-05-14T03:51:55.151161
395,3,5.500539,0.226565,2025-05-14T03:51:55.379292
395,4,5.500539,0.228111,2025-05-14T03:51:55.608769
395,5,5.500539,0.22758,2025-05-14T03:51:55.837655
435,1,5.500539,0.232193,2025-05-14T03:51:56.071169
435,2,5.500539,0.231399,2025-05-14T03:51:56.304198
435,3,5.500539,0.237141,2025-05-14T03:51:56.542656
435,4,5.500539,0.23206,2025-05-14T03:51:56.776395
435,5,5.500539,0.271863,2025-05-14T03:51:57.049585
480,1,5.500539,0.23617,2025-05-14T03:51:57.287127
480,2,5.500539,0.251882,2025-05-14T03:51:57.540256
480,3,5.500539,0.250258,2025-05-14T03:51:57.791843
480,4,5.500539,0.261557,2025-05-14T03:51:58.054521
480,5,5.500539,0.25032,2025-05-14T03:51:58.306280
530,1,5.500539,0.254044,2025-05-14T03:51:58.561686
530,2,5.500539,0.235517,2025-05-14T03:51:58.798434
530,3,5.500539,0.244922,2025-05-14T03:51:59.044565
530,4,5.500539,0.269274,2025-05-14T03:51:59.315281
530,5,5.500539,0.255502,2025-05-14T03:51:59.572040
584,1,5.500539,0.251472,2025-05-14T03:51:59.825030
584,2,5.500539,0.216078,2025-05-14T03:52:00.042332
584,3,5.500539,0.231557,2025-05-14T03:52:00.275291
584,4,5.500539,0.229649,2025-05-14T03:52:00.506289
584,5,5.500539,0.215932,2025-05-14T03:52:00.723654
645,1,5.500539,0.281277,2025-05-14T03:52:01.006263
645,2,5.500539,0.258057,2025-05-14T03:52:01.265578
645,3,5.500539,0.246338,2025-05-14T03:52:01.513234
645,4,5.500539,0.246877,2025-05-14T03:52:01.761414
645,5,5.500539,0.250482,2025-05-14T03:52:02.013138
711,1,5.500539,0.242773,2025-05-14T03:52:02.257180
711,2,5.500539,0.21796,2025-05-14T03:52:02.476436
711,3,5.500539,0.242632,2025-05-14T03:52:02.720388
711,4,5.500539,0.227892,2025-05-14T03:52:02.949577
711,5,5.500539,0.223613,2025-05-14T03:52:03.174478
784,1,5.500539,0.255802,2025-05-14T03:52:03.431521
784,2,5.500539,0.236059,2025-05-14T03:52:03.668820
784,3,5.500539,0.218323,2025-05-14T03:52:03.888430
784,4,5.500539,0.251863,2025-05-14T03:52:04.141540
784,5,5.500539,0.235958,2025-05-14T03:52:04.378611
865,1,5.500539,0.230446,2025-05-14T03:52:04.610353
865,2,5.500539,0.214105,2025-05-14T03:52:04.825838
865,3,5.500539,0.196413,2025-05-14T03:52:05.023717
865,4,5.500539,0.200863,2025-05-14T03:52:05.225965
865,5,5.500539,0.212963,2025-05-14T03:52:05.440153
954,1,5.500539,0.160154,2025-05-14T03:52:05.601531
954,2,5.500539,0.158186,2025-05-14T03:52:05.760944
954,3,5.500539,0.166974,2025-05-14T03:52:05.929115
954,4,5.500539,0.1666,2025-05-14T03:52:06.096956
954,5,5.500539,0.160394,2025-05-14T03:52:06.258486
1053,1,5.500539,0.220119,2025-05-14T03:52:06.479914
1053,2,5.500539,0.209397,2025-05-14T03:52:06.690548
1053,3,5.500539,0.215637,2025-05-14T03:52:06.907453
1053,4,5.500539,0.219719,2025-05-14T03:52:07.128603
1053,5,5.500539,0.207622,2025-05-14T03:52:07.337500
1161,1,5.500539,0.247981,2025-05-14T03:52:07.586761
1161,2,5.500539,0.252066,2025-05-14T03:52:07.840116
1161,3,5.500539,0.26658,2025-05-14T03:52:08.107979
1161,4,5.500539,0.264121,2025-05-14T03:52:08.373455
1161,5,5.500539,0.274193,2025-05-14T03:52:08.648794
1281,1,5.500539,0.206196,2025-05-14T03:52:08.856307
1281,2,5.500539,0.20074,2025-05-14T03:52:09.058339
1281,3,5.500539,0.193391,2025-05-14T03:52:09.253152
1281,4,5.500539,0.206598,2025-05-14T03:52:09.461062
1281,5,5.500539,0.195805,2025-05-14T03:52:09.658210
1413,1,5.500539,0.221223,2025-05-14T03:52:09.880622
1413,2,5.500539,0.229546,2025-05-14T03:52:10.111514
1413,3,5.500539,0.223245,2025-05-14T03:52:10.336084
1413,4,5.500539,0.22946,2025-05-14T03:52:10.566715
1413,5,5.500539,0.294356,2025-05-14T03:52:10.862542
1558,1,5.500539,0.25164,2025-05-14T03:52:11.115436
1558,2,5.500539,0.229749,2025-05-14T03:52:11.346367
1558,3,5.500539,0.220391,2025-05-14T03:52:11.568053
1558,4,5.500539,0.231626,2025-05-14T03:52:11.800812
1558,5,5.500539,0.220267,2025-05-14T03:52:12.022455
1719,1,5.500539,0.147086,2025-05-14T03:52:12.170924
1719,2,5.500539,0.143489,2025-05-14T03:52:12.315708
1719,3,5.500539,0.161538,2025-05-14T03:52:12.478523
1719,4,5.500539,0.173359,2025-05-14T03:52:12.653330
1719,5,5.500539,0.161025,2025-05-14T03:52:12.815514
1896,1,5.500539,0.295506,2025-05-14T03:52:13.112372
1896,2,5.500539,0.286184,2025-05-14T03:52:13.400185
1896,3,5.500539,0.321472,2025-05-14T03:52:13.722766
1896,4,5.500539,0.303221,2025-05-14T03:52:14.027235
1896,5,5.500539,0.290948,2025-05-14T03:52:14.319559
2091,1,5.500539,0.197618,2025-05-14T03:52:14.518698
2091,2,5.500539,0.226704,2025-05-14T03:52:14.746782
2091,3,5.500539,0.206055,2025-05-14T03:52:14.954387
2091,4,5.500539,0.213746,2025-05-14T03:52:15.169480
2091,5,5.500539,0.221542,2025-05-14T03:52:15.392525
2306,1,5.500539,0.215117,2025-05-14T03:52:15.608910
2306,2,5.500539,0.20473,2025-05-14T03:52:15.814989
2306,3,5.500539,0.24067,2025-05-14T03:52:16.056808
2306,4,5.500539,0.232714,2025-05-14T03:52:16.290788
2306,5,5.500539,0.212914,2025-05-14T03:52:16.504971
2544,1,5.500539,0.22276,2025-05-14T03:52:16.728948
2544,2,5.500539,0.223943,2025-05-14T03:52:16.953983
2544,3,5.500539,0.251918,2025-05-14T03:52:17.207119
2544,4,5.500539,0.417121,2025-05-14T03:52:17.625643
2544,5,5.500539,0.255369,2025-05-14T03:52:17.882241
2806,1,5.500539,0.189779,2025-05-14T03:52:18.073447
2806,2,5.500539,0.207902,2025-05-14T03:52:18.282688
2806,3,5.500539,0.188797,2025-05-14T03:52:18.474217
2806,4,5.500539,0.18549,2025-05-14T03:52:18.660976
2806,5,5.500539,0.186322,2025-05-14T03:52:18.848516
3095,1,5.500539,0.124257,2025-05-14T03:52:18.975161
3095,2,5.500539,0.149892,2025-05-14T03:52:19.126474
3095,3,5.500539,0.147852,2025-05-14T03:52:19.275540
3095,4,5.500539,0.140021,2025-05-14T03:52:19.416784
3095,5,5.500539,0.190772,2025-05-14T03:52:19.608981
3414,1,5.500539,0.270903,2025-05-14T03:52:19.880968
3414,2,5.500539,0.277515,2025-05-14T03:52:20.159760
3414,3,5.500539,0.295408,2025-05-14T03:52:20.456493
3414,4,5.500539,0.321211,2025-05-14T03:52:20.778929
3414,5,5.500539,0.325297,2025-05-14T03:52:21.105522
3765,1,5.500539,0.257648,2025-05-14T03:52:21.364444
3765,2,5.500539,0.296752,2025-05-14T03:52:21.662569
3765,3,5.500539,0.522274,2025-05-14T03:52:22.186722
3765,4,5.500539,0.367783,2025-05-14T03:52:22.555852
3765,5,5.500539,0.29766,2025-05-14T03:52:22.854851
4153,1,5.500539,0.223991,2025-05-14T03:52:23.080415
4153,2,5.500539,0.258089,2025-05-14T03:52:23.339870
4153,3,5.500539,0.477518,2025-05-14T03:52:23.818792
4153,4,5.500539,0.279531,2025-05-14T03:52:24.099669
4153,5,5.500539,0.291241,2025-05-14T03:52:24.392399
4581,1,5.500539,0.136725,2025-05-14T03:52:24.530464
4581,2,5.500539,0.161427,2025-05-14T03:52:24.694052
4581,3,5.500539,0.131326,2025-05-14T03:52:24.826734
4581,4,5.500539,0.151921,2025-05-14T03:52:24.981504
4581,5,5.500539,0.13443,2025-05-14T03:52:25.117164
5053,1,5.500539,1.461239,2025-05-14T03:52:26.579941
5053,2,5.500539,0.932661,2025-05-14T03:52:27.514223
5053,3,5.500539,1.168281,2025-05-14T03:52:28.684152
5053,4,5.500539,1.503583,2025-05-14T03:52:30.189296
5053,5,5.500539,0.991494,2025-05-14T03:52:31.182436
5573,1,5.500539,0.246653,2025-05-14T03:52:31.430827
5573,2,5.500539,0.2601,2025-05-14T03:52:31.692341
5573,3,5.500539,0.217842,2025-05-14T03:52:31.911541
5573,4,5.500539,0.319333,2025-05-14T03:52:32.232726
5573,5,5.500539,0.605211,2025-05-14T03:52:32.840600
6147,1,5.500539,0.268259,2025-05-14T03:52:33.110424
6147,2,5.500539,2.024222,2025-05-14T03:52:35.136154
6147,3,5.500539,0.352892,2025-05-14T03:52:35.490898
6147,4,5.500539,0.292721,2025-05-14T03:52:35.785036
6147,5,5.500539,0.342268,2025-05-14T03:52:36.128849
6780,1,5.500539,0.732735,2025-05-14T03:52:36.863215
6780,2,5.500539,0.447947,2025-05-14T03:52:37.312640
6780,3,5.500539,0.392764,2025-05-14T03:52:37.706899
6780,4,5.500539,0.437608,2025-05-14T03:52:38.145789
6780,5,5.500539,0.547144,2025-05-14T03:52:38.694344
7479,1,5.500539,0.344972,2025-05-14T03:52:39.040697
7479,2,5.500539,0.301691,2025-05-14T03:52:39.343764
7479,3,5.500539,0.239623,2025-05-14T03:52:39.584908
7479,4,5.500539,0.41149,2025-05-14T03:52:39.997696
7479,5,5.500539,0.290969,2025-05-14T03:52:40.290236
8249,1,5.500539,0.395281,2025-05-14T03:52:40.687417
8249,2,5.500539,0.7123,2025-05-14T03:52:41.401570
8249,3,5.500539,0.566805,2025-05-14T03:52:41.971199
8249,4,5.500539,1.010758,2025-05-14T03:52:42.983871
8249,5,5.500539,0.970846,2025-05-14T03:52:43.956326
9099,1,5.500539,0.39052,2025-05-14T03:52:44.348145
9099,2,5.500539,0.500436,2025-05-14T03:52:44.850198
9099,3,5.500539,0.478766,2025-05-14T03:52:45.330653
9099,4,5.500539,3.218982,2025-05-14T03:52:48.551189
9099,5,5.500539,2.178382,2025-05-14T03:52:50.731785
10036,1,5.500539,0.7408,2025-05-14T03:52:51.473929
10036,2,5.500539,3.561814,2025-05-14T03:52:55.038141
10036,3,5.500539,4.146915,2025-05-14T03:52:59.186744
10036,4,5.500539,2.611178,2025-05-14T03:53:01.799550
10036,5,5.500539,3.950671,2025-05-14T03:53:05.751876
11069,1,5.500539,3.966659,2025-05-14T03:53:09.720333
11069,2,5.500539,1.780708,2025-05-14T03:53:11.502584
11069,3,5.500539,3.443339,2025-05-14T03:53:14.948633
11069,4,5.500539,1.776447,2025-05-14T03:53:16.727640
11069,5,5.500539,1.013785,2025-05-14T03:53:17.743064
12209,1,5.500539,1.995155,2025-05-14T03:53:19.739957
12209,2,5.500539,0.79079,2025-05-14T03:53:20.532181
12209,3,5.500539,1.173905,2025-05-14T03:53:21.707662
12209,4,5.500539,4.958489,2025-05-14T03:53:26.669511
12209,5,5.500539,2.748426,2025-05-14T03:53:29.419799
13467,1,5.500539,0.333825,2025-05-14T03:53:29.755107
13467,2,5.500539,0.386703,2025-05-14T03:53:30.143175
13467,3,5.500539,0.315965,2025-05-14T03:53:30.460659
13467,4,5.500539,0.344022,2025-05-14T03:53:30.806188
13467,5,5.500539,0.350053,2025-05-14T03:53:31.157783
14854,1,5.500539,0.609648,2025-05-14T03:53:31.768977
14854,2,5.500539,3.402402,2025-05-14T03:53:35.173167
14854,3,5.500539,0.533171,2025-05-14T03:53:35.708341
14854,4,5.500539,0.429128,2025-05-14T03:53:36.139043
14854,5,5.500539,2.65993,2025-05-14T03:53:38.800595
16384,1,5.500539,0.522149,2025-05-14T03:53:39.324389
16384,2,5.500539,0.50349,2025-05-14T03:53:39.829610
16384,3,5.500539,0.427419,2025-05-14T03:53:40.258569
16384,4,5.500539,0.433437,2025-05-14T03:53:40.693525
16384,5,5.500539,0.494733,2025-05-14T03:53:41.189788
